Name,Email,Roles,Department
James Smith,james.smith0@example.com,end user,Engineering
Mary Johnson,mary.johnson1@example.com,content creator,Operations
John Williams,john.williams2@example.com,manager,Sales
Patricia Brown,patricia.brown3@example.com,end user,Legal
Robert Jones,robert.jones4@example.com,end user,Design
Jennifer Garcia,jennifer.garcia5@example.com,end user,Engineering
Michael Miller,michael.miller6@example.com,end user,Marketing
Linda Davis,linda.davis7@example.com,manager,Operations
William Rodriguez,william.rodriguez8@example.com,end user,Legal
Elizabeth Martinez,elizabeth.martinez9@example.com,manager,Legal
David Hernandez,david.hernandez10@example.com,end user,Operations
Barbara Lopez,barbara.lopez11@example.com,auditor,Design
Richard Gonzalez,richard.gonzalez12@example.com,content creator,Engineering
Susan Wilson,susan.wilson13@example.com,end user,Customer Support
Joseph Anderson,joseph.anderson14@example.com,approver,Finance
Jessica Thomas,jessica.thomas15@example.com,end user,Operations
Thomas Taylor,thomas.taylor16@example.com,approver,Marketing
Sarah Moore,sarah.moore17@example.com,end user,Customer Support
Charles Jackson,charles.jackson18@example.com,end user,Human Resources
Karen Martin,karen.martin19@example.com,approver,Design
Christopher Lee,christopher.lee20@example.com,content creator,Engineering
Nancy Perez,nancy.perez21@example.com,auditor,Legal
Daniel Thompson,daniel.thompson22@example.com,end user,Customer Support
Lisa White,lisa.white23@example.com,end user,Legal
Matthew Harris,matthew.harris24@example.com,content creator,Design
Margaret Sanchez,margaret.sanchez25@example.com,approver,Design
Anthony Clark,anthony.clark26@example.com,manager,Marketing
Sandra Ramirez,sandra.ramirez27@example.com,end user,Operations
Mark Lewis,mark.lewis28@example.com,content creator,Marketing
Ashley Robinson,ashley.robinson29@example.com,manager,Marketing
Donald Walker,donald.walker30@example.com,end user,Finance
Kimberly Young,kimberly.young31@example.com,auditor,Human Resources
Steven Allen,steven.allen32@example.com,end user,Human Resources
Emily King,emily.king33@example.com,approver,Operations
Paul Wright,paul.wright34@example.com,content creator,Marketing
Donna Scott,donna.scott35@example.com,end user,Legal
Andrew Torres,andrew.torres36@example.com,manager,Sales
Michelle Nguyen,michelle.nguyen37@example.com,auditor,Customer Support
Joshua Hill,joshua.hill38@example.com,content creator,Legal
Carol Flores,carol.flores39@example.com,manager,Human Resources
Kenneth Green,kenneth.green40@example.com,end user,Operations
Amanda Adams,amanda.adams41@example.com,end user,Human Resources
Kevin Nelson,kevin.nelson42@example.com,end user,Finance
Dorothy Baker,dorothy.baker43@example.com,end user,Operations
Brian Hall,brian.hall44@example.com,approver,Operations
Melissa Rivera,melissa.rivera45@example.com,auditor,Customer Support
George Campbell,george.campbell46@example.com,auditor,Sales
Deborah Mitchell,deborah.mitchell47@example.com,content creator,Sales
Edward Carter,edward.carter48@example.com,manager,Legal
Stephanie Roberts,stephanie.roberts49@example.com,content creator,Design
Ronald Smith,ronald.smith50@example.com,end user,
Rebecca Johnson,rebecca.johnson51@example.com,end user,Human Resources
Timothy Williams,timothy.williams52@example.com,manager,Sales
Sharon Brown,sharon.brown53@example.com,auditor,Marketing
Jason Jones,jason.jones54@example.com,end user,Marketing
Laura Garcia,laura.garcia55@example.com,end user,Sales
Jeffrey Miller,jeffrey.miller56@example.com,end user,Design
Cynthia Davis,cynthia.davis57@example.com,end user,Customer Support
Ryan Rodriguez,ryan.rodriguez58@example.com,end user,Design
Kathleen Martinez,kathleen.martinez59@example.com,auditor,Legal
Jacob Hernandez,jacob.hernandez60@example.com,content creator,Legal
Amy Lopez,amy.lopez61@example.com,end user,Marketing
Gary Gonzalez,gary.gonzalez62@example.com,content creator,Human Resources
Shirley Wilson,shirley.wilson63@example.com,end user,Finance
Nicholas Anderson,nicholas.anderson64@example.com,end user,Sales
Angela Thomas,angela.thomas65@example.com,auditor,Engineering
Eric Taylor,eric.taylor66@example.com,content creator,Legal
Helen Moore,helen.moore67@example.com,end user,Legal
Jonathan Jackson,jonathan.jackson68@example.com,end user,Finance
Anna Martin,anna.martin69@example.com,manager,Sales
Stephen Lee,stephen.lee70@example.com,approver,Sales
Brenda Perez,brenda.perez71@example.com,end user,Design
Larry Thompson,larry.thompson72@example.com,approver,Product
Pamela White,pamela.white73@example.com,end user,Marketing
Justin Harris,justin.harris74@example.com,approver,Finance
Nicole Sanchez,nicole.sanchez75@example.com,manager,
Scott Clark,scott.clark76@example.com,end user,Operations
Emma Ramirez,emma.ramirez77@example.com,end user,Marketing
Brandon Lewis,brandon.lewis78@example.com,auditor,Marketing
Samantha Robinson,samantha.robinson79@example.com,end user,Sales
Benjamin Walker,benjamin.walker80@example.com,auditor,Legal
Katherine Young,katherine.young81@example.com,end user,Finance
Samuel Allen,samuel.allen82@example.com,end user,Operations
Christine King,christine.king83@example.com,manager,Finance
Gregory Wright,gregory.wright84@example.com,end user,Human Resources
Debra Scott,debra.scott85@example.com,auditor,Legal
Frank Torres,frank.torres86@example.com,auditor,Marketing
Rachel Nguyen,rachel.nguyen87@example.com,manager,Operations
Alexander Hill,alexander.hill88@example.com,end user,Human Resources
Catherine Flores,catherine.flores89@example.com,end user,Design
Raymond Green,raymond.green90@example.com,manager,Design
Carolyn Adams,carolyn.adams91@example.com,manager,Engineering
Patrick Nelson,patrick.nelson92@example.com,end user,Engineering
Janet Baker,janet.baker93@example.com,manager,Marketing
Jack Hall,jack.hall94@example.com,end user,Human Resources
Ruth Rivera,ruth.rivera95@example.com,end user,Legal
Dennis Campbell,dennis.campbell96@example.com,manager,Finance
Maria Mitchell,maria.mitchell97@example.com,auditor,Operations
Jerry Carter,jerry.carter98@example.com,end user,Design
Heather Roberts,heather.roberts99@example.com,auditor,Operations
